-- MySQL Script generated by MySQL Workbench
-- Sun Dec  1 22:01:29 2019
-- Model: New Model    Version: 1.0
-- MySQL Workbench Forward Engineering

SET @OLD_UNIQUE_CHECKS=@@UNIQUE_CHECKS, UNIQUE_CHECKS=0;
SET @OLD_FOREIGN_KEY_CHECKS=@@FOREIGN_KEY_CHECKS, FOREIGN_KEY_CHECKS=0;
SET @OLD_SQL_MODE=@@SQL_MODE, SQL_MODE='ONLY_FULL_GROUP_BY,STRICT_TRANS_TABLES,NO_ZERO_IN_DATE,NO_ZERO_DATE,ERROR_FOR_DIVISION_BY_ZERO,NO_ENGINE_SUBSTITUTION';

-- -----------------------------------------------------
-- Schema mydb
-- -----------------------------------------------------

-- -----------------------------------------------------
-- Schema mydb
-- -----------------------------------------------------
CREATE SCHEMA IF NOT EXISTS `mydb` DEFAULT CHARACTER SET utf8 ;
USE `mydb` ;

-- -----------------------------------------------------
-- Table `mydb`.`Item`
-- -----------------------------------------------------
CREATE TABLE IF NOT EXISTS `mydb`.`Item` (
  `idItem` INT NOT NULL,
  `Nombre` VARCHAR(45) NOT NULL,
  `Material` VARCHAR(45) NOT NULL DEFAULT 'default',
  `Costo` DOUBLE NOT NULL,
  `Marca` VARCHAR(45) NOT NULL,
  PRIMARY KEY (`idItem`))
ENGINE = InnoDB;


-- -----------------------------------------------------
-- Table `mydb`.`Lote`
-- -----------------------------------------------------
CREATE TABLE IF NOT EXISTS `mydb`.`Lote` (
  `idLote` INT NOT NULL,
  `nombreArticulo` VARCHAR(45) NOT NULL,
  `Cantidad` VARCHAR(45) NOT NULL,
  `Item_idItem` INT NOT NULL,
  PRIMARY KEY (`idLote`),
  INDEX `fk_Lote_Item_idx` (`Item_idItem` ASC) VISIBLE,
  CONSTRAINT `fk_Lote_Item`
    FOREIGN KEY (`Item_idItem`)
    REFERENCES `mydb`.`Item` (`idItem`)
    ON DELETE NO ACTION
    ON UPDATE NO ACTION)
ENGINE = InnoDB;


-- -----------------------------------------------------
-- Table `mydb`.`Empleado`
-- -----------------------------------------------------
CREATE TABLE IF NOT EXISTS `mydb`.`Empleado` (
  `Cedula` INT NOT NULL,
  `Nombre` VARCHAR(45) NOT NULL,
  `Administrador` BOOLEAN NOT NULL DEFAULT false,
  PRIMARY KEY (`Cedula`))
ENGINE = InnoDB;


-- -----------------------------------------------------
-- Table `mydb`.`Cliente`
-- -----------------------------------------------------
CREATE TABLE IF NOT EXISTS `mydb`.`Cliente` (
  `Cedula` VARCHAR(10) NOT NULL,
  `Nombre` VARCHAR(45) NOT NULL,
  `Direccion` VARCHAR(45) NOT NULL DEFAULT 'default',
  `Telefono` VARCHAR(10) NOT NULL DEFAULT 'default',
  PRIMARY KEY (`Cedula`))
ENGINE = InnoDB;


-- -----------------------------------------------------
-- Table `mydb`.`Factura`
-- -----------------------------------------------------
CREATE TABLE IF NOT EXISTS `mydb`.`Factura` (
  `idFactura` INT NOT NULL,
  `Costo_Total` DOUBLE NOT NULL,
  `Empleado_Cedula` INT NOT NULL DEFAULT 0,
  `Cliente_Cedula` VARCHAR(10) NOT NULL,
  PRIMARY KEY (`idFactura`),
  INDEX `fk_Factura_Empleado1_idx` (`Empleado_Cedula` ASC) VISIBLE,
  INDEX `fk_Factura_Cliente1_idx` (`Cliente_Cedula` ASC) VISIBLE,
  CONSTRAINT `fk_Factura_Empleado1`
    FOREIGN KEY (`Empleado_Cedula`)
    REFERENCES `mydb`.`Empleado` (`Cedula`)
    ON DELETE NO ACTION
    ON UPDATE NO ACTION,
  CONSTRAINT `fk_Factura_Cliente1`
    FOREIGN KEY (`Cliente_Cedula`)
    REFERENCES `mydb`.`Cliente` (`Cedula`)
    ON DELETE NO ACTION
    ON UPDATE NO ACTION)
ENGINE = InnoDB;


-- -----------------------------------------------------
-- Table `mydb`.`Descripcion_Venta`
-- -----------------------------------------------------
CREATE TABLE IF NOT EXISTS `mydb`.`Descripcion_Venta` (
  `idVenta` INT NOT NULL,
  `Cantidad` INT NOT NULL,
  `Costo` DOUBLE NOT NULL,
  `Item_idItem` INT NOT NULL,
  `Factura_idFactura` INT NOT NULL,
  PRIMARY KEY (`idVenta`),
  INDEX `fk_Descripcion_Venta_Item1_idx` (`Item_idItem` ASC) VISIBLE,
  INDEX `fk_Descripcion_Venta_Factura1_idx` (`Factura_idFactura` ASC) VISIBLE,
  CONSTRAINT `fk_Descripcion_Venta_Item1`
    FOREIGN KEY (`Item_idItem`)
    REFERENCES `mydb`.`Item` (`idItem`)
    ON DELETE NO ACTION
    ON UPDATE NO ACTION,
  CONSTRAINT `fk_Descripcion_Venta_Factura1`
    FOREIGN KEY (`Factura_idFactura`)
    REFERENCES `mydb`.`Factura` (`idFactura`)
    ON DELETE NO ACTION
    ON UPDATE NO ACTION)
ENGINE = InnoDB;


-- -----------------------------------------------------
-- Table `mydb`.`Proveedor`
-- -----------------------------------------------------
CREATE TABLE IF NOT EXISTS `mydb`.`Proveedor` (
  `idProveedor` INT NOT NULL,
  `Nombre` VARCHAR(45) NOT NULL,
  `Telefono` VARCHAR(10) NOT NULL DEFAULT 'default',
  PRIMARY KEY (`idProveedor`))
ENGINE = InnoDB;


-- -----------------------------------------------------
-- Table `mydb`.`Compra_Proveedor`
-- -----------------------------------------------------
CREATE TABLE IF NOT EXISTS `mydb`.`Compra_Proveedor` (
  `idCompra_Proveedor` INT NOT NULL,
  `Fecha` DATE NOT NULL,
  `CostoTotal` DOUBLE NOT NULL,
  `Proveedor_idProveedor` INT NOT NULL,
  `Empleado_Cedula` INT NOT NULL,
  PRIMARY KEY (`idCompra_Proveedor`),
  INDEX `fk_Compra_Proveedor_Proveedor1_idx` (`Proveedor_idProveedor` ASC) VISIBLE,
  INDEX `fk_Compra_Proveedor_Empleado1_idx` (`Empleado_Cedula` ASC) VISIBLE,
  CONSTRAINT `fk_Compra_Proveedor_Proveedor1`
    FOREIGN KEY (`Proveedor_idProveedor`)
    REFERENCES `mydb`.`Proveedor` (`idProveedor`)
    ON DELETE NO ACTION
    ON UPDATE NO ACTION,
  CONSTRAINT `fk_Compra_Proveedor_Empleado1`
    FOREIGN KEY (`Empleado_Cedula`)
    REFERENCES `mydb`.`Empleado` (`Cedula`)
    ON DELETE NO ACTION
    ON UPDATE NO ACTION)
ENGINE = InnoDB;


-- -----------------------------------------------------
-- Table `mydb`.`Detalle_Compra`
-- -----------------------------------------------------
CREATE TABLE IF NOT EXISTS `mydb`.`Detalle_Compra` (
  `idDetalle_Compra` INT NOT NULL,
  `Cantidad` INT NOT NULL,
  `costoTotal` DOUBLE NOT NULL,
  `Item_idItem` INT NOT NULL,
  `Compra_Proveedor_idCompra_Proveedor` INT NOT NULL,
  PRIMARY KEY (`idDetalle_Compra`),
  INDEX `fk_Detalle_Compra_Item1_idx` (`Item_idItem` ASC) VISIBLE,
  INDEX `fk_Detalle_Compra_Compra_Proveedor1_idx` (`Compra_Proveedor_idCompra_Proveedor` ASC) VISIBLE,
  CONSTRAINT `fk_Detalle_Compra_Item1`
    FOREIGN KEY (`Item_idItem`)
    REFERENCES `mydb`.`Item` (`idItem`)
    ON DELETE NO ACTION
    ON UPDATE NO ACTION,
  CONSTRAINT `fk_Detalle_Compra_Compra_Proveedor1`
    FOREIGN KEY (`Compra_Proveedor_idCompra_Proveedor`)
    REFERENCES `mydb`.`Compra_Proveedor` (`idCompra_Proveedor`)
    ON DELETE NO ACTION
    ON UPDATE NO ACTION)
ENGINE = InnoDB;


SET SQL_MODE=@OLD_SQL_MODE;
SET FOREIGN_KEY_CHECKS=@OLD_FOREIGN_KEY_CHECKS;
SET UNIQUE_CHECKS=@OLD_UNIQUE_CHECKS;

-- -----------------------------------------------------
-- Data for table `mydb`.`Item`
-- -----------------------------------------------------
START TRANSACTION;
USE `mydb`;
INSERT INTO `mydb`.`Item` (`idItem`, `Nombre`, `Material`, `Costo`, `Marca`) VALUES (1, 'Cinta Aislante Tolsen', 'default', 0.35, 'Tolsen');
INSERT INTO `mydb`.`Item` (`idItem`, `Nombre`, `Material`, `Costo`, `Marca`) VALUES (2, 'Dado Hexagonal', 'default', 0.85, 'Tolsen');
INSERT INTO `mydb`.`Item` (`idItem`, `Nombre`, `Material`, `Costo`, `Marca`) VALUES (3, 'Pernos', 'default', 0.2, 'Tolsen');

COMMIT;

-- -----------------------------------------------------
-- Data for table `mydb`.`Empleado`
-- -----------------------------------------------------
START TRANSACTION;
USE `mydb`;
INSERT INTO `mydb`.`Empleado` (`Cedula`, `Nombre`, `Administrador`) VALUES ('0951600897', 'Edwin Eras', true);
INSERT INTO `mydb`.`Empleado` (`Cedula`, `Nombre`, `Administrador`) VALUES ('0924691127', 'La dueña del local', true);

COMMIT;


-- -----------------------------------------------------
-- Data for table `mydb`.`Cliente`
-- -----------------------------------------------------
START TRANSACTION;
USE `mydb`;
INSERT INTO `mydb`.`Cliente` (`Cedula`, `Nombre`, `Direccion`, `Telefono`) VALUES ('0951658897', 'Rivera Delgado Evelyn', DEFAULT, DEFAULT);
INSERT INTO `mydb`.`Cliente` (`Cedula`, `Nombre`, `Direccion`, `Telefono`) VALUES ('0991475627', 'Barahona Echeveria', DEFAULT, DEFAULT);

COMMIT;


-- -----------------------------------------------------
-- Data for table `mydb`.`Factura`
-- -----------------------------------------------------
START TRANSACTION;
USE `mydb`;
INSERT INTO `mydb`.`Factura` (`idFactura`, `Costo_Total`, `Empleado_Cedula`, `Cliente_Cedula`) VALUES (1, 1.50, '0951600897', '0951658897');
INSERT INTO `mydb`.`Factura` (`idFactura`, `Costo_Total`, `Empleado_Cedula`, `Cliente_Cedula`) VALUES (2, 8.25, '0951600897', '0951658897');
INSERT INTO `mydb`.`Factura` (`idFactura`, `Costo_Total`, `Empleado_Cedula`, `Cliente_Cedula`) VALUES (3, 10.00, '0924691127', '0951658897');

COMMIT;


-- -----------------------------------------------------
-- Data for table `mydb`.`Proveedor`
-- -----------------------------------------------------
START TRANSACTION;
USE `mydb`;
INSERT INTO `mydb`.`Proveedor` (`idProveedor`, `Nombre`, `Telefono`) VALUES (1, 'Mafelesa', DEFAULT);
INSERT INTO `mydb`.`Proveedor` (`idProveedor`, `Nombre`, `Telefono`) VALUES (2, 'Tolsen', DEFAULT);
INSERT INTO `mydb`.`Proveedor` (`idProveedor`, `Nombre`, `Telefono`) VALUES (3, 'Promafer', DEFAULT);

COMMIT;


-- -----------------------------------------------------
-- Data for table `mydb`.`Compra_Proveedor`
-- -----------------------------------------------------
START TRANSACTION;
USE `mydb`;
INSERT INTO `mydb`.`Compra_Proveedor` (`idCompra_Proveedor`, `Fecha`, `CostoTotal`, `Proveedor_idProveedor`, `Empleado_Cedula`) VALUES (1, '2019/09/07', 10.27, 1, '0951600897');
INSERT INTO `mydb`.`Compra_Proveedor` (`idCompra_Proveedor`, `Fecha`, `CostoTotal`, `Proveedor_idProveedor`, `Empleado_Cedula`) VALUES (2, '2019/09/06', 13.35, 3, '0951600897');
INSERT INTO `mydb`.`Compra_Proveedor` (`idCompra_Proveedor`, `Fecha`, `CostoTotal`, `Proveedor_idProveedor`, `Empleado_Cedula`) VALUES (3, '2019/09/08', 15.00, 2, '0951600897');

COMMIT;


-- -----------------------------------------------------
-- Data for table `mydb`.`Detalle_Compra`
-- -----------------------------------------------------
START TRANSACTION;
USE `mydb`;
INSERT INTO `mydb`.`Detalle_Compra` (`idDetalle_Compra`, `Cantidad`, `costoTotal`, `Item_idItem`, `Compra_Proveedor_idCompra_Proveedor`) VALUES (1, 5, 15, 1, 1);
INSERT INTO `mydb`.`Detalle_Compra` (`idDetalle_Compra`, `Cantidad`, `costoTotal`, `Item_idItem`, `Compra_Proveedor_idCompra_Proveedor`) VALUES (2, 10, 25, 3, 2);
INSERT INTO `mydb`.`Detalle_Compra` (`idDetalle_Compra`, `Cantidad`, `costoTotal`, `Item_idItem`, `Compra_Proveedor_idCompra_Proveedor`) VALUES (3, 10, 30, 1, 3);

COMMIT;

